"","Experience","Salaire"
"1",18.2902933184037,16.5218249053589
"2",26.3436134771947,23.167254546086
"3",19.105833871731,20.8771454234794
"4",27.7425164662996,23.1662356919793
"5",31.6711713106338,32.9662507589859
"6",14.1863986323957,15.2941695426661
"7",29.9328450028653,33.1594611261596
"8",32.8413273527834,32.0326528991099
"9",26.8738691050171,32.3477835758454
"10",41.513807913722,38.2468755598416
"11",32.2011776442359,22.7736026159231
"12",34.7382258435959,39.5548407057671
"13",27.5149313466624,26.9228702080807
"14",25.761258165259,28.1164771139888
"15",36.9253180943629,32.5330029544295
"16",23.7470024951307,26.0433316643478
"17",24.0934878213837,24.0860409748041
"18",16.1338021492798,20.9199106753978
"19",23.2525630018894,21.0416359619285
"20",25.630582043486,25.7187111687205
"21",27.5991858177441,25.5914437879135
"22",22.9211042673699,28.9065165115153
"23",20.0516809796603,18.304405495364
"24",24.9830472487819,22.2362102545917
"25",33.9186527888975,35.8458174905954
"26",44.4548538365221,33.8800375223163
"27",19.5863306067735,15.4250076140964
"28",18.5111573263224,17.9395849377994
"29",31.5416540052528,34.2964918679895
"30",31.7184348601006,33.2281670111183
"31",18.3261061881422,29.3394010678752
"32",21.348023363897,16.8779608691139
"33",26.910069919575,25.2879394886783
"34",34.9397398744407,33.3436300344744
"35",27.3305579493583,29.7190160535465
"36",21.3641418739018,31.5034643784272
"37",29.7820248573317,31.8915817330443
"38",14.3968265932108,18.7260502901527
"39",28.5009497592261,25.1467157659345
"40",21.8800972572074,30.9566440827208
"41",10.5913148538229,18.5979287711708
"42",17.1225563197169,17.0907022875271
"43",36.4881505842148,43.2470819796443
"44",19.5314334023181,21.8491072136048
"45",34.0028819830774,22.441635356043
"46",43.2714468695508,52.8591456641941
"47",20.4764799239905,22.131679529783
"48",4.9360837917574,18.6869900184347
"49",21.1739746838212,31.487495135227
"50",34.3934181179448,35.6672927032749
"51",27.0622040510713,29.2384860839929
"52",33.7233953461772,41.5408646970313
"53",28.6307409391536,32.6729314278315
"54",25.3122740626698,30.0814650896095
"55",27.3375939257224,28.4437136487144
"56",18.6145000043398,25.8380752853315
"57",31.8765581176996,39.447023656873
"58",34.6089656336524,32.1524170425258
"59",17.0600869766144,12.949522358785
"60",25.7439156062554,14.7415764273034
"61",34.1523225691696,26.5492355613423
"62",20.9521479293039,24.0607746358555
"63",12.4082567685906,15.9389041513701
"64",29.3385438599529,33.860652423423
"65",31.2057376399768,28.9229164007443
"66",23.9647254186076,20.3449543779907
"67",36.8116731120364,24.8682044784426
"68",19.9620951081105,16.7090115857777
"69",46.1547915759803,44.8916358175921
"70",28.2194064582961,20.7672923679036
"71",16.6939778130387,20.926954418367
"72",25.0545007198856,19.328757957893
"73",20.5877780145291,22.6133730331689
"74",24.3726637453747,20.1154874405598
"75",35.0376129206241,33.9344054864691
"76",38.2288915713585,39.6255272677961
"77",31.306851019002,31.0314607167793
"78",28.6456518197546,25.7389722029173
"79",27.9431380690289,32.1233509698106
"80",31.0521674169659,34.1856168345431
"81",19.0815875489157,24.2423938234729
"82",46.6906844188816,55.2970164716853
"83",31.5418710152844,28.3460702044852
"84",26.925754225849,18.8565178976509
"85",21.7942104635894,21.941640771288
"86",37.6829820897595,34.4573121698241
"87",44.1430973026676,37.1102110153281
"88",36.1733741341878,41.6232574775402
"89",46.6231249682492,47.2165705461872
"90",20.1338321597027,27.0337133659437
"91",22.2666683030152,28.806816678194
"92",26.8472269171844,28.3493311200372
"93",33.0276406171285,31.5386196858025
"94",22.1899739091203,33.6093416681804
"95",23.8046850601649,19.1399243257255
"96",11.323830138093,13.956590358118
"97",14.107591726994,12.1581763184869
"98",17.7669098320084,17.4814027204384
"99",29.9066582952321,39.518769615055
"100",34.0100209809857,24.0615926707105
"101",22.5955976040738,14.4003650107678
"102",28.7715212119244,31.3538678006743
"103",26.6978409819439,30.2101501351832
"104",33.1371110471023,40.0529935518969
"105",30.4012262141994,27.740526430748
"106",23.1050175755459,17.9478636354596
"107",14.4557007312088,23.9729825673717
"108",14.4142204014663,19.0145970036935
"109",34.1742659019832,27.1645604460168
"110",30.5482363565944,35.9725676219615
"111",23.5600125354005,26.8949827034933
"112",30.7826071558002,42.5238066076453
"113",9.5430384451533,12.0308597218482
"114",24.6087913114732,23.6385392045302
"115",31.0125630683263,36.2145574410712
"116",25.8920265947849,29.4500109539023
"117",21.9629059714515,17.853942581888
"118",22.7859454121209,31.4486858235083
"119",26.676364531238,31.4900771471523
"120",23.5474831629039,22.4110490154059
"121",47.7876434086218,47.2279322923554
"122",25.9875513064692,24.2848977621023
"123",26.254777705037,21.448288795172
"124",28.8259216371849,28.4554073335218
"125",19.9166198573063,23.8107297672157
"126",29.1202668789943,23.7576672240866
"127",21.0754199904553,20.1909095813652
"128",24.0799318069391,27.8373507578966
"129",3.56773875859396,17.5966968442229
"130",37.3306798459112,26.1283189721519
"131",15.4451791185511,22.561767352917
"132",17.5992848831427,29.3784845174168
"133",31.4216613393632,38.5401029891827
"134",26.0741602990286,26.5491016954363
"135",36.7203802212952,25.723930054687
"136",27.2195527517837,26.7920469921224
"137",23.4800546864126,24.8031617775204
"138",19.5254380918395,22.2279838595513
"139",24.3887435346876,23.5975269875219
"140",23.5944981660366,21.5617224787086
"141",35.613319484387,32.8672095849403
"142",31.2148999126925,35.9799795266598
"143",19.9392456016946,20.6029455379025
"144",37.3969477777288,33.3316986766708
"145",16.0213633085747,15.8727661477085
"146",18.8748943465825,21.2396961534496
"147",21.2886893675645,18.9330151842853
"148",39.6619322276935,44.6410653484352
"149",33.2286525103877,31.3133980659028
"150",33.6141267985034,28.9240093784809
"151",27.8211795608384,26.5698970153896
"152",26.1972100998565,22.3701272527405
"153",17.0924608154379,27.2556019445164
"154",32.603622125651,36.1051381104583
"155",24.984385576259,22.4651169055061
"156",34.1921227858629,33.9174301101269
"157",27.9799002723461,32.2979826737486
"158",28.4021215821561,18.488941778894
"159",33.0644507269191,30.814717169988
"160",19.0041366256705,19.2259990746665
"161",29.1297063374133,26.100309796191
"162",25.5901429766381,24.5150705771408
"163",25.2536503135285,26.7817409886441
"164",31.5754705433059,30.1026754416909
"165",31.9461528672944,28.8261755038743
"166",23.4724747077183,24.3645356632107
"167",23.0588037667794,29.3091853016902
"168",14.6746612516864,19.8461275299201
"169",24.5201228905731,22.6200030474015
"170",36.7017708900527,36.4342967157533
"171",15.9149358314504,19.2989958087554
"172",13.2898457670183,14.8863779812428
"173",12.1385823805478,14.0107038911632
"174",14.840964495914,19.6043530255014
"175",22.0599012489838,27.5997966077447
"176",44.2995301132263,43.4646296490534
"177",10.4456281248938,21.1574018902612
"178",18.845692850264,25.603045151394
"179",30.7013330609262,32.8423169840616
"180",18.4022368307201,21.3896542688147
"181",45.3353020809486,41.9964650505314
"182",17.2996700219609,19.3374654032488
"183",20.2601049922579,25.3344519942395
"184",37.7956437385959,34.1141009709232
"185",49.0450901751106,44.9074418719209
"186",22.7680858451696,13.425864143612
"187",33.5146737853199,29.9772671483037
"188",25.2530785805481,27.2319050052822
"189",25.5737916257082,31.2746852307134
"190",22.5420327057229,27.3090016177222
"191",23.4336870394332,32.7369983105536
"192",27.2612375890604,36.2702414197903
"193",42.5676908330674,35.8970762825737
"194",30.7099586701547,28.512104081101
"195",30.462458942217,25.3489817418276
"196",26.8658058852251,22.6661969217838
"197",13.6590806970115,19.2355967394105
"198",15.6933764238477,18.0778915773551
"199",37.3700934541916,36.1511116434302
"200",38.5783590114767,38.87554686544
"201",33.3491777311185,33.1854076799549
"202",33.6135253097255,36.1559622961346
"203",18.8274838796863,23.4481051047492
"204",37.0882068583666,40.3784560485256
"205",42.7020098276538,28.9463819693767
"206",28.1955611578969,26.5993738279221
"207",30.1183585950605,23.2903448825849
"208",38.4094230145513,30.7576553370306
"209",27.8488447830817,12.2241505036855
"210",20.3791344872856,16.009275924563
"211",23.1650348831665,24.1347611381256
"212",25.1835636752612,19.670494379209
"213",24.089069782381,18.0601322556523
"214",17.0968928927368,25.2854579195467
"215",14.9794481276827,16.4918679600281
"216",34.1175459554157,36.3048673020944
"217",39.1571143278995,45.2171146065998
"218",37.985172787557,32.9762082700363
"219",31.6684481968682,38.5941411115931
"220",6.26746448898485,15.7518829199715
"221",20.2796548074333,19.4908386760304
"222",29.9854666781077,28.9550446646947
"223",48.8709167381833,49.5399657438681
"224",30.1847773070238,27.2087186215772
"225",32.913829984724,28.0961553848277
"226",16.6627081184007,27.0569674992005
"227",32.8078581727023,36.7855732941779
"228",17.1277251298014,24.2142407574796
"229",12.1079048671235,14.83384686969
"230",32.8163534831035,34.7688349113835
"231",14.9425485670725,15.9267247803915
"232",24.8084449893225,36.1336322406626
"233",36.1081250225305,32.6018270319971
"234",17.4493164290695,17.083306620687
"235",28.6406164094674,28.971555004703
"236",36.3915534225313,31.1595704895532
"237",14.6255696657957,15.9362514223697
"238",22.8785857647405,18.2513411803208
"239",25.1124420412064,29.935848035086
"240",17.4817136031252,17.9722798733965
"241",21.7092588057208,17.0970529123603
"242",34.6727574887232,33.3650743548366
"243",12.459376097821,15.8046532450426
"244",22.40715831778,24.5745124393535
"245",31.1736721400846,29.8891990735509
"246",26.8994168385898,15.8338698892996
"247",33.3122097041395,23.0033319790316
"248",26.7009921970241,28.6107173015545
"249",36.2792749023372,37.7929015407171
"250",19.0264914190531,23.388979436933
"251",27.5415621505822,16.4673340561737
"252",17.221751440762,23.4504438482352
"253",16.3897917050726,29.7828970238459
"254",30.5383826950847,24.2994738955432
"255",25.9580570495136,26.5392610375751
"256",30.4124022705345,41.7505292213972
"257",24.4859913470609,29.9373340440594
"258",18.9941297440135,22.9971531300633
"259",22.8544224244682,18.641410660239
"260",19.7935023379602,15.3066379397435
"261",29.7937627263441,34.3901436349719
"262",27.8800193043298,24.4689406606515
"263",12.5324626764931,16.1641023635964
"264",24.1183194131575,26.4443351351057
"265",24.3551942726466,24.9053518136304
"266",35.355269580659,40.7535999385155
"267",16.7814954179776,15.4812532492181
"268",24.2548786234701,17.1582974566459
"269",16.6758307801749,22.0560552428168
"270",27.3180615874769,28.0706931903971
"271",31.8667790435879,19.2472340558552
"272",40.8736908541089,41.4646670552668
"273",20.7355719682792,32.2352016136267
"274",41.3868913770869,47.0917585518446
"275",23.8860258870936,17.1428409704623
"276",27.5319601338155,34.1819847190372
"277",18.7272953445776,18.1715538183168
"278",32.7423780662847,40.0093115945129
"279",43.0076712136416,40.6364774785212
"280",36.7389164097727,43.0835521149472
"281",35.3996867434034,32.8506649625824
"282",38.0499357586133,35.03796501556
"283",20.5152074766567,22.0180666645109
"284",19.9659482342967,18.9261716387417
"285",36.561697207369,32.6139847635671
"286",14.0576020565766,19.3525159751319
"287",28.133863137508,31.7595697186394
"288",15.1563082923069,14.631679216995
"289",30.2348666026037,35.5908741526931
"290",34.8226767425797,32.4662229168888
"291",25.1459609926274,31.105445410963
"292",43.2214030148232,47.0075590451896
"293",35.2569460323245,43.5754655528524
"294",36.5860116577056,37.9992670852258
"295",15.0953173617092,12.707029215576
"296",38.4751665948977,33.8729202335587
"297",20.0235865114996,12.0128832401252
"298",31.336333063055,29.3303506986363
"299",25.2962433457445,23.9020852648528
"300",27.1423262232143,29.6473974015108
"301",34.0896128966895,39.346352939635
"302",25.0716321678849,21.058749261023
"303",31.6454750681345,37.6120935225643
"304",30.54022350653,24.6487501486744
"305",31.7189953982723,29.9215679258991
"306",29.569333934928,23.2766515576766
"307",22.2594457081788,17.0703229691973
"308",32.4019976593052,25.1309278606534
"309",36.648609983152,32.9989230656371
"310",22.5739102177528,30.0576200469699
"311",29.7828905529328,24.3243341303002
"312",27.3007362207729,20.4908795466548
"313",24.1299478171771,27.8053832025231
"314",33.5538832306817,39.22161111436
"315",21.5236615037839,22.9835833988951
"316",10.7815892137113,18.8819571146938
"317",13.8541604161364,24.5203369750354
"318",21.5679072851062,18.694046790501
"319",17.3003619848219,12.5995877296323
"320",37.7160497959674,40.6809694826299
"321",21.573901631942,21.2311360510989
"322",31.1612559116499,27.5874663062113
"323",25.1816738350718,29.800416649403
"324",25.3485005541929,17.2278691687268
"325",18.7967974871465,19.7881118613565
"326",23.6777124891986,26.7380660639252
"327",25.3894897711965,23.8185855283742
"328",14.2599791317978,18.4111190680165
"329",39.3374541383865,37.788715239107
"330",30.0784195273859,33.5762568328803
"331",25.8598212180966,33.0816011635622
"332",21.616769660698,21.2429676991851
"333",22.2737303330036,23.5198146421655
"334",21.0860150583731,27.6100862755377
"335",10.322263294368,21.6722418414983
"336",23.5214477483046,21.6438552442942
"337",29.8529767163,32.5017970857927
"338",28.4202697216793,31.6533614398143
"339",21.9841553026219,24.3587464516809
"340",30.1871938397029,31.1780628563524
"341",15.599860664304,17.5989616005885
"342",30.3623642227323,30.1237845142397
"343",32.9612040158097,17.8361980784952
"344",28.8971094333793,27.6162118525211
"345",39.2045568139338,37.1198357962084
"346",29.1006875773294,27.6195521540076
"347",35.6674726515908,32.6910098634676
"348",24.5346181889426,28.2642389498699
"349",37.673266834786,34.25333404177
"350",19.9027021438099,13.7488486891577
"351",30.1601409390756,40.5907670012461
"352",31.775629704954,36.4822199256108
"353",26.832778134979,28.1107659908992
"354",36.022218119745,31.0780017029493
"355",39.8254469613944,32.2230664249915
"356",29.5266619283145,29.6333833381755
"357",26.4142903334771,32.8900232975452
"358",40.814371101611,33.1618360316621
"359",18.1878279646787,15.4281899479597
"360",21.6748496272773,24.4659615232303
"361",25.8225053093933,23.0391855660335
"362",30.944446671584,27.9150641768295
"363",28.045820357233,28.3020319174925
"364",18.3173035796413,25.1090050104308
"365",26.5288282327312,31.2598867909013
"366",24.7982006150695,32.6720350487043
"367",24.1567791462797,30.9173313427412
"368",20.0863435446482,14.2621859829628
"369",19.2028870363117,23.4158423388373
"370",38.7913810433831,40.9828041688427
"371",38.9255921254315,35.2205110806414
"372",12.333171957789,14.4420777787046
"373",32.5556856343385,31.7187004443532
"374",34.6144243629039,38.7431634263887
"375",21.6565798696622,29.9984869358838
"376",27.2659841256864,28.197353262901
"377",37.2615662830016,29.7569673977078
"378",24.0512135137636,28.2291606411743
"379",18.7773597458563,26.8262336820623
"380",23.0719248237972,23.0968719216772
"381",26.1430571548981,23.4017178813692
"382",22.9202891839115,25.4735185717812
"383",14.8589340443232,15.0647702094625
"384",25.0844564736618,25.7585842295305
"385",38.3924165777524,41.5865119075734
"386",22.3534176725129,16.1344372020782
"387",19.3138453578666,24.1288485221559
"388",19.1155914937852,25.6462911285868
"389",21.9878927018381,16.9393331949278
"390",26.7668710977907,26.7530852260418
"391",25.6688961405488,18.5924044800116
"392",15.909033087905,22.0189695761903
"393",25.3345924684677,25.8968522577176
"394",35.071660425073,42.9736526634064
"395",22.0771956188971,30.9754659340166
"396",34.2306058777745,27.2854152703863
"397",18.3227149087346,13.413821859685
"398",16.4969271631956,13.3954028887
"399",30.9566988149705,38.0185764166352
"400",30.4275324643209,30.2735728103336
"401",41.5539112507363,40.6122781327458
"402",34.2058298835606,32.6279627338179
"403",29.7206827988428,22.2808120591267
"404",20.2397269514919,27.5410376132949
"405",31.383253617952,29.9030156679613
"406",19.8846081961486,24.7680264867536
"407",26.4080484892428,37.0257814452949
"408",33.6062815346091,32.9996147070325
"409",16.4951819398346,14.4525079005802
"410",41.742472279114,47.6297687873507
"411",28.8750661537923,26.8781370587256
"412",29.4943959744293,34.2931587413178
"413",29.5530239759095,36.3164051640445
"414",28.0060265395824,27.9914400932182
"415",27.8731131681035,27.3230877173668
"416",20.4877916652331,17.1419037676433
"417",20.6237015596282,27.8227952725755
"418",16.9340034296048,20.4013533549663
"419",42.0354204375452,50.6230982035299
"420",22.4497264691845,29.9710331216638
"421",14.9098095254255,25.9924504121222
"422",24.9175994884404,25.7771766622022
"423",21.8634091972895,24.2362745741572
"424",33.1402383959109,30.7702262979805
"425",31.387213596202,29.1056441262641
"426",19.2505168579484,25.5672122536395
"427",40.463546677807,38.3199742933108
"428",22.3114675040981,32.0841888487803
"429",29.0187935417731,24.1203051399513
"430",49.4632215956041,44.8495660833551
"431",34.1190893219568,39.2924892109115
"432",27.1113843396504,15.1787834794166
"433",38.3295736371688,36.0253072743765
"434",39.1668856063597,41.5107094565496
"435",20.1040636181338,26.9219006436373
"436",38.8261260861094,45.4841263193945
"437",30.6402685259572,28.9632764106781
"438",17.3478260982461,17.476456706676
"439",22.851395578703,19.9526089595732
"440",19.2858388258686,20.2980368585742
"441",18.7411177782982,26.2097029146976
"442",26.0021781196286,23.0756739396163
"443",37.6436524386549,41.588845948426
"444",26.5254074550482,30.7463177382662
"445",27.3538662932848,30.7502703537481
"446",28.8093477858984,27.6043285015358
"447",17.0609225950527,20.2123578252179
"448",18.9513941530402,17.1475201589852
"449",37.7744067369021,30.6911268277948
"450",31.3846007573124,38.3687988138552
"451",13.1454443937979,13.8163589966944
"452",31.6192293726935,31.9047444248633
"453",32.7325971366463,30.2072506336821
"454",34.8264404810553,31.1104240504042
"455",17.2149209159581,13.2075794109552
"456",12.071254814848,17.553279316976
"457",35.8528261244501,22.5123800188376
"458",38.5511207790343,38.5592556592376
"459",27.5701461354937,27.127258016478
"460",28.6365514673908,30.0018778966539
"461",36.3171589216323,34.94540904101
"462",28.060295804823,37.6120721718348
"463",32.4035100229474,26.0158105988598
"464",24.5617595930119,25.7030517998122
"465",10.1564723565931,19.0591655774316
"466",20.2365799427343,18.4207246182103
"467",4.90827761180845,19.931847719915
"468",32.001091572359,30.3488828052528
"469",23.2931502140597,24.3394762871863
"470",40.0129860898994,37.9647423613295
"471",16.9669703638679,20.9817397801295
"472",20.6412202008961,18.4481056452606
"473",38.7593970433419,38.0581842964524
"474",37.0504095160878,35.9107277973169
"475",20.0809057846701,17.517721144582
"476",35.5750089476858,32.9695512837852
"477",31.7134121335516,32.2661184243833
"478",17.4705062203616,17.0437498357305
"479",24.8575308325302,26.8320406679501
"480",23.7809070059318,23.9532818147545
"481",17.7215647421588,25.2881302989309
"482",35.4661438944578,32.6556519984866
"483",9.85747634012743,18.2924926126268
"484",39.6732470837592,44.5809874771729
"485",29.3755234661013,26.1543899555891
"486",24.8996129568194,26.9497364138437
"487",24.0364811039257,27.0718788456426
"488",33.3986531445636,23.7004103528597
"489",28.6562082503411,37.3857039479778
"490",31.1707827212171,21.7428282908851
"491",35.5276908782134,37.2331073475932
"492",34.7824838612257,37.6551765503745
"493",9.2021987474354,14.8284761687584
"494",24.0154176073249,37.1375727784813
"495",36.8783047155877,25.3231885814626
"496",28.2705785906932,31.5801822380013
"497",21.4714520529649,20.5443843191472
"498",26.3000792287176,29.6581865703353
"499",19.9382247223265,21.76663627303
"500",40.5967812171,39.263725740092
"501",23.8939232482455,24.9632027302832
"502",25.1182947022206,24.9342587348087
"503",34.5840276328499,37.7184077182739
"504",38.5305654078127,39.9131078885819
"505",13.8302849190721,24.0634174160602
"506",25.6450959772609,36.2169982131889
"507",9.14919901167821,12.8981930021956
"508",27.5471546212116,39.2509295139577
"509",43.7038970199139,40.0151585912471
"510",35.7947365682373,15.9998283330943
"511",27.8395002403121,28.4453767096666
"512",26.6672198287779,26.6099994648383
"513",27.7183709473633,34.4269013283654
"514",17.789510619462,18.0058959603813
"515",35.4525079144684,40.8337597610248
"516",36.7540788086255,33.2903010228323
"517",20.7741416156242,26.858660619002
"518",28.0046972281747,37.3023892157904
"519",13.6009755089802,13.0568685396684
"520",35.749376038792,32.3974976064022
"521",34.2164383516771,31.7862464077932
"522",16.8986204424478,24.5068295408947
"523",29.9719077411756,27.0871289225946
"524",44.3732334153346,42.5985310289869
"525",32.953349854522,36.5356678621519
"526",16.5870644435224,26.9930627169461
"527",36.0338170437189,36.5537847680301
"528",35.4834067534333,33.7591258929506
"529",25.3770262898069,31.4341833538166
"530",23.5994254091759,32.6210595873132
"531",30.3786540921474,37.2207423170338
"532",23.112638417599,19.1668395118323
"533",16.3735207933545,22.7872035477472
"534",31.2955602222979,34.8179444930921
"535",30.0829736200346,32.5270608986232
"536",28.0743420430342,27.385419356724
"537",35.4321135332771,34.5408947251634
"538",29.6073985021705,36.4514890646086
"539",19.9344071455947,26.4434702123549
"540",16.6711415537923,14.9065617769029
"541",27.0526377414227,19.1209476972422
"542",26.3798490453626,28.3257161421552
"543",22.7691229754995,28.5307811085318
"544",17.1780208575285,19.283845742451
"545",23.6039393159686,32.9768298749891
"546",15.769327149198,21.2956605819425
"547",21.2086689628134,19.9616265855158
"548",19.9284098129241,18.6439285649454
"549",33.7785620817732,30.6165962829179
"550",25.4616307038778,23.8349370837855
"551",22.1341505444022,30.7021632953637
"552",14.9178598342594,15.8297842773612
"553",31.8269587445128,21.614448411087
"554",35.3924564476094,31.7095543431276
"555",30.0580006137604,23.442145875999
"556",24.2452918455708,28.4780231148641
"557",25.592724627876,28.2170152913956
"558",32.5183946104542,31.2797061350921
"559",17.1104891227926,28.8640701034353
"560",15.487657948047,17.1746025018074
"561",32.066762317598,33.1515232369027
"562",26.8317940086255,32.9546544851508
"563",18.4346264687147,18.9004836095524
"564",15.1949838824457,26.249734638109
"565",40.5823380199394,37.0331825309667
"566",7.72001278665849,13.4466928848268
"567",23.4987403858382,25.3461436543219
"568",38.0735852128409,22.676009465922
"569",24.530503753844,17.464871396361
"570",25.6343423211682,15.1367982757095
"571",35.9866291738375,27.4988127020371
"572",14.6041685946473,21.1881065949177
"573",19.5991820391804,17.5942521051682
"574",15.8434938477636,18.589844282908
"575",34.320941948538,29.9493516881553
"576",27.6687877930778,29.5967770431463
"577",42.4580990061833,33.7024268755963
"578",37.1177672177562,24.5772553452206
"579",20.9102647357646,19.4339354627077
"580",24.4815065186518,24.3222762630038
"581",24.0703177165255,25.2532251344205
"582",24.2526456114296,21.7658681123449
"583",31.2750061699445,27.8587351285826
"584",15.4008048655136,17.4251528866733
"585",39.8708985491815,41.300365779321
"586",17.5553971282574,22.7390249460051
"587",21.8448483543688,17.7184985956775
"588",8.10504589540336,13.3993551775343
"589",31.0219195956175,27.589523350455
"590",31.7091938082143,31.372356718914
"591",37.5384596413793,38.286352757349
"592",31.1809764287472,27.1260691507179
"593",22.4917491505603,32.049480616566
"594",36.0772272742222,35.0093688347146
"595",25.3931190327682,24.2273253178656
"596",30.4867803287194,23.0152203336918
"597",35.8937527249591,39.1600799766744
"598",36.4334114408086,40.311946937546
"599",23.0338942614739,16.9366948051888
"600",20.7363069170055,16.3756494025836
"601",39.3435256463979,22.4189200951188
"602",13.2952366587103,16.5071324565722
"603",29.0868555558061,29.0882341314992
"604",29.0610125738647,27.5687249073245
"605",28.9853588454836,31.437003168761
"606",14.9628703218259,20.9853041080262
"607",32.4256859298023,28.2434783608356
"608",8.67387954761714,15.4129896958125
"609",20.798128050997,26.7001537487487
"610",17.5509172269137,19.9528410366502
"611",12.093220692823,12.6221520048882
"612",29.9095072607921,33.5061302275066
"613",18.3083927658206,18.1703218641192
"614",33.7944319844139,35.3864528976002
"615",27.7674162146919,32.9304884275291
"616",25.3613447727877,25.9304728750877
"617",18.9583256800518,21.3585761376592
"618",29.8765671793356,33.7746537886901
"619",34.1796558003398,21.7246047956104
"620",29.2489558431251,33.9793309846096
"621",32.6819841000796,27.8935270329524
"622",32.5089943616223,37.6780164860611
"623",33.3787496807437,27.2564763485451
"624",27.1989158606403,24.1071749350717
"625",28.4806944533072,31.0637418666196
"626",44.8583932499238,46.4772600351651
"627",27.9564777650496,28.222295668261
"628",23.3141150747166,24.6953096047661
"629",33.7821734977617,30.249273190526
"630",29.7835171953548,35.2964824684348
"631",46.3097966122892,35.9937214676528
"632",34.5985759798963,23.9788311685441
"633",26.2235839838776,27.3811942758862
"634",13.2174015516252,15.8367643654454
"635",37.4167780309748,39.2096765589784
"636",23.504133520056,32.0307233738261
"637",27.6794173956027,25.6808592446242
"638",27.9596276820404,29.0315067170305
"639",21.635074158146,26.2891584870074
"640",17.0671495535579,19.154887783782
"641",34.1719578412237,34.5196701288719
"642",24.1584824598666,16.5363807473485
"643",25.7646612971256,27.3207522482708
"644",28.0532898503425,28.1516397784744
"645",28.4023535478584,20.144823092152
"646",31.8570464611296,33.2693046010998
"647",23.5829348132289,17.9813067404415
"648",36.4379966871572,31.1478661392549
"649",40.5114770019163,32.4016247897301
"650",28.4730903572263,31.9498437871202
"651",35.3450013305814,34.6943836966071
"652",16.5842149807333,22.0642987955411
"653",42.0556491801233,34.3625965935595
"654",36.4850027419511,38.2222598738578
"655",30.4019497907269,29.5595404989597
"656",19.1477339246747,27.6696127528442
"657",31.0513761029515,26.9891380348389
"658",27.3550139495557,31.7218496281607
"659",16.6865985460478,23.800301691258
"660",26.2997550308297,23.1815926735148
"661",36.4768009403285,31.3223413343583
"662",32.8982328014075,32.4667128716701
"663",5.55502167320067,20.4704011862858
"664",36.085996253203,35.4580639530437
"665",21.6653179327411,23.8996644555813
"666",27.6714591156119,29.7752272373144
"667",35.0096350471743,39.7001151216966
"668",37.9477093143584,27.9597603497103
"669",30.7599558528022,35.4099859443042
"670",29.209423613984,37.5010765012193
"671",20.9127447786521,19.0628733826099
"672",35.6093134340315,43.8354276741584
"673",45.4957581524676,45.4303460507405
"674",29.373239450045,23.944411685736
"675",15.5203415251966,17.3190931471527
"676",17.0470849697738,22.8403615661175
"677",23.0443750150436,33.7685757966488
"678",27.8837105890822,25.4033093743362
"679",39.0541528310088,45.393568535296
"680",32.4562767562092,25.6876387632942
"681",20.6781322886449,16.9993539625131
"682",14.61416755289,15.764971475172
"683",24.9179706477097,13.1669559251238
"684",24.1601982781181,29.6500094967904
"685",20.0500232412565,25.5478947303603
"686",35.3738730994376,35.9245247962394
"687",25.5873563601966,21.0181587634772
"688",33.7780556293656,30.4079410314637
"689",26.8678218485712,14.9510642005808
"690",20.4324693953972,20.1191804334326
"691",27.3000231735342,19.0757843267584
"692",19.490125548335,21.9769431341346
"693",15.9037501949785,22.9628608233251
"694",34.9290820278098,31.8559638860254
"695",24.3914344941461,18.5640037674817
"696",19.4374575216358,13.4686994684001
"697",7.22331420949228,18.6153985746093
"698",31.8932868088998,32.8058498736007
"699",30.363237244287,38.4227732589319
"700",16.3405442711845,19.3750700878202
"701",18.4220931716346,22.3714655747439
"702",19.9423225023908,24.9477916189018
"703",28.8661744088993,33.0983762366102
"704",45.0119409702897,43.3558782267342
"705",16.4691104396777,24.9634498386581
"706",19.6233048774281,21.0524655538547
"707",23.5251273375885,22.3220328539854
"708",40.7388586943314,41.4411858496114
"709",24.9194522586533,24.7050057173468
"710",23.1149468551952,20.9848879494788
"711",10.8111334590916,15.9339909827666
"712",33.1274524091011,30.7480055011151
"713",28.9028712429285,34.9732455614495
"714",20.4496262776863,17.9144640984077
"715",31.9173935887598,27.6394563957756
"716",23.7202922055442,22.9919536741836
"717",21.9052095293149,25.8145178681016
"718",19.6532985948959,19.9979548253593
"719",22.6918625497043,18.3843485775245
"720",39.1826961210708,45.5774725255844
"721",18.4922480358416,20.8482105572064
"722",27.8276997451903,30.0474711482991
"723",35.190091244994,36.203149251675
"724",16.1380736061395,23.321138650265
"725",29.9849147905226,31.8733472520435
"726",40.5935924509803,25.8128612329966
"727",21.2251387076723,19.6183235977538
"728",21.8220939462511,19.3215502400039
"729",24.0352213830919,32.4103949320154
"730",24.231962036117,29.1760444639852
"731",24.5292755399771,26.6804784980684
"732",21.4155283988096,19.4154575745563
"733",36.4984283423597,33.1423308564941
"734",23.0637712507898,24.9061015403513
"735",20.8669066667275,16.4469531809424
"736",33.9462610691354,33.2708762176593
"737",35.1259832718691,27.3574573593008
"738",22.6828446322291,30.1464383404836
"739",24.4813550103621,20.9832853063666
"740",28.3590339347596,28.3724899335115
"741",33.7293772943199,41.8260646273726
"742",16.3404036531788,14.3539540399916
"743",30.4253558000494,34.1985752276813
"744",22.5208147342553,14.7134969790958
"745",21.1675198044504,21.0448031846168
"746",23.3769748903271,30.7531321671764
"747",13.0217926144133,20.7346210750274
"748",18.51919379638,18.0761562091862
"749",22.3888785655526,20.4831526125999
"750",32.3888161486833,28.0699887137933
"751",12.3487984965349,14.0186156350075
"752",35.7825700890511,40.8011324468602
"753",25.1096643111957,23.6741308878492
"754",33.5645505490015,31.9228078456557
"755",16.6031818387941,17.2743534834525
"756",23.8335153575115,25.5244321474678
"757",27.4680939346446,30.7711298469086
"758",24.2030013820463,26.6640030852371
"759",28.9508656909911,28.3200683009111
"760",34.2000212684892,32.6271747976129
"761",38.3524981407897,34.657149995106
"762",16.3184184035797,24.6196606404063
"763",15.9642150943055,22.9018618094195
"764",28.133575031291,27.6469355016777
"765",26.0674051669283,36.4170699123758
"766",22.8063864610471,25.7235169994703
"767",33.4139545947943,39.6587930695147
"768",33.7044761894881,34.5874026386233
"769",24.148215284668,25.2677377526089
"770",43.1227479160545,40.1466539237767
"771",27.28615674013,31.5395892232858
"772",10.1130791834461,29.9071868421785
"773",20.8004709817934,28.2410105900144
"774",22.1782458374905,25.0204226817191
"775",35.1601609249442,41.2904443991653
"776",20.2158139214905,20.0064881331562
"777",26.5128479745899,24.1310122234924
"778",31.2946242474963,29.7972409847924
"779",44.9535178925886,38.8774779903799
"780",20.486876519185,22.9539177200279
"781",15.4555822330907,15.0577209501719
"782",36.5943633136431,41.6091728612566
"783",32.4709205241587,32.5094567554705
"784",23.516602299221,31.160828513948
"785",29.9614996188689,23.7268936723649
"786",20.1630320510042,23.7376002970869
"787",26.087946123252,24.5908806348222
"788",27.9140297141648,27.9722984499725
"789",18.1838858978562,21.6748364797416
"790",19.9802632235279,24.2566722177242
"791",28.6344039788468,23.5085502279092
"792",20.9901437923023,18.822502130631
"793",48.446975765528,43.5782771492529
"794",20.6796153871086,29.2213350421929
"795",15.3405360650449,15.2615159408737
"796",16.4690165839608,13.2095910749393
"797",42.5317303456638,49.4947297633112
"798",37.2810150945093,30.1140148898792
"799",39.0008938292104,49.5301650348808
"800",30.2313223502515,38.6295878061596
"801",27.6398573406,20.6006086931043
"802",22.6342267265152,21.0822754835567
"803",22.2872776450344,25.743255749096
"804",35.8327784561666,40.6696926895906
"805",28.3192181749493,30.9281176592891
"806",41.8399406797028,34.5500795048692
"807",24.8135873936068,28.9291053017045
"808",20.2428737041453,25.4474679742941
"809",41.4801954460351,33.6840597811143
"810",30.3184675145557,28.0284459250178
"811",23.1777997344732,31.3922858579303
"812",25.3690423179388,34.6071505841237
"813",24.8330382555385,32.3844048256052
"814",20.7384519172513,22.6359669276088
"815",26.0017230314511,21.783632594577
"816",40.0094125215206,31.7978312632869
"817",33.8685077991859,19.8724037829602
"818",48.8521937061947,42.6419239079787
"819",42.1036063850556,42.1706150770218
"820",33.4858503001859,21.1522988700941
"821",32.8982188889783,27.7242324163932
"822",25.0078623190598,30.8841497605782
"823",17.1325996309861,12.842584818006
"824",16.5559541272591,27.7670440383325
"825",38.9590882914847,43.790004120199
"826",32.3464799007336,32.2429090157942
"827",17.4683211988509,17.2615790279511
"828",30.0340111222355,38.6457691837141
"829",38.1474862902162,34.2409009808143
"830",29.5713856616556,23.431335194466
"831",18.081597125183,21.2473110692854
"832",27.2676846240173,29.039677654444
"833",45.0082639404958,49.1633400567609
"834",16.4774636101423,18.3018510473135
"835",28.3929239645567,15.1826183031464
"836",24.2758494224709,24.7859046092586
"837",17.4319951165662,13.8403512970203
"838",28.5774144206904,24.2737688602893
"839",26.7216937794577,28.7511641063202
"840",25.2664246081082,26.8737343994799
"841",24.4423718659271,29.0934143053703
"842",16.5861502468675,25.682084976298
"843",40.647845178914,41.7891799713786
"844",31.2112533800679,33.0663933435695
"845",25.0060203840449,21.7088948004874
"846",24.0433156039009,23.878865924961
"847",27.0253208785585,20.4341443685656
"848",28.3390701919093,33.2632143374903
"849",41.9072301934048,40.9926471011898
"850",19.8797368170597,29.8589217604506
"851",24.4200138635781,27.1955258703073
"852",25.6417767294266,24.3438344071908
"853",22.8544024941393,25.2999327438156
"854",29.2269905239735,32.5470329871207
"855",20.9175808764438,30.2235818023518
"856",41.2575762497635,39.4075042728901
"857",20.7508351358081,29.1329454581064
"858",32.3255192524609,25.8309113281837
"859",31.8294161865253,27.9422637165515
"860",25.9803169575451,29.5688541698737
"861",27.5105504097599,29.923202203539
"862",38.0250393478461,33.9008397168807
"863",40.028378363117,40.245636119772
"864",25.2360406804418,27.888700298904
"865",16.4224568917683,19.174686301891
"866",24.2503254609305,25.73958722383
"867",30.366002683144,25.820179727038
"868",27.4408682642498,27.8460320621378
"869",37.4046038570119,36.7785205143347
"870",31.3234480815348,30.7009794624519
"871",35.5613793862523,36.578719996981
"872",34.584109379357,33.8381800014586
"873",19.1522540417388,20.5735925112847
"874",33.9046418829612,28.0527378902556
"875",23.7007320040381,24.2661490250755
"876",20.3456319916732,21.579436096871
"877",16.2375031635207,27.1059296351397
"878",15.2958979233173,25.8090519257526
"879",26.1098447992652,25.4910778113105
"880",23.2546436658068,19.7762138644223
"881",16.9000343628496,31.6635278379209
"882",43.7662555077263,48.9541143671687
"883",20.3903143762811,22.2155027586886
"884",26.7404214310311,30.1399952110191
"885",36.2956262307887,40.3848956310483
"886",15.6526735587379,26.1830013075789
"887",37.5867574591137,42.6864820904694
"888",17.0649643852973,24.9905037309752
"889",21.6784731526179,23.7881582361019
"890",12.8734273872563,16.6952393933648
"891",21.4715131820022,19.8914182627171
"892",33.1249706702046,35.892363005638
"893",21.2472951298307,18.9377937153877
"894",30.3065697435717,27.7936550652741
"895",41.0201816188107,49.3462440174522
"896",33.3623906742942,34.4499902783636
"897",21.7563783808739,24.1418226388705
"898",21.9689942069118,23.5997806864778
"899",24.4128726143878,23.713946821662
"900",34.4035365695067,34.1000467653691
"901",32.6657849544817,40.9690574334417
"902",20.3823843843114,15.7369689472102
"903",42.0543493704865,42.9356049948735
"904",19.7119072367446,28.2626767845851
"905",36.4795429805706,35.5333955754249
"906",33.5190125076747,25.2102648451956
"907",25.8906295137182,23.6981600529199
"908",30.9331099075281,33.9904462482471
"909",39.6902708691704,37.3980973619896
"910",28.205211828914,26.2689592721971
"911",26.4122166612652,19.331911877265
"912",15.9150811919994,16.5920877543784
"913",14.3796386086787,21.615873642101
"914",31.1048746055987,37.8536418416175
"915",23.2814943418582,25.8555408660251
"916",23.5760363924124,27.0625420852595
"917",18.8299408553157,20.8055367014492
"918",20.9627854431803,18.855859629389
"919",27.1239727640257,28.9943845345024
"920",24.4801097904605,20.1242161905177
"921",33.9875740637187,37.4917972203381
"922",32.417413777749,36.5371141938436
"923",28.5198079041107,30.6123608553885
"924",31.1723727252909,30.8211662226403
"925",34.5166168435621,33.8560081884834
"926",23.0621002302833,20.0710055724701
"927",25.7814738702467,22.8787513906487
"928",24.6779673523975,23.9061792853508
"929",31.2946117717955,29.8727554727009
"930",12.0613611313561,16.4387065348855
"931",24.3242008790711,23.7762803822383
"932",19.7982531598635,12.8892014302786
"933",18.5278910274441,19.2822821872041
"934",27.2173173718918,31.7477227142567
"935",23.6793359664454,19.440756176998
"936",25.1702728610142,26.0739386901436
"937",38.3204036712723,35.2402317296981
"938",23.5344599906237,22.3022738169514
"939",43.7806439596623,40.3511566543927
"940",28.5209919602394,38.1383896104024
"941",24.953138250577,33.5689438014975
"942",24.8765430147823,24.9749322643211
"943",28.8460475991504,21.655539710195
"944",45.7245953613934,46.6059375377824
"945",20.6744955528931,27.8897427499511
"946",26.4110987495463,27.5519552340138
"947",36.84339528922,28.4768004436923
"948",17.5845661962441,12.4049247381545
"949",21.8941989314638,17.584260545557
"950",22.1617407340929,24.6665015109924
"951",32.2664972207411,24.160270218913
"952",17.0390298779186,19.9037966367086
"953",25.2221241803251,21.9744130603661
"954",16.4180276264669,19.6347874870466
