"","yield","temperature","pH","oxygen","glucose","iptg","agitation","growth_rate","plasmid_copy","promoter_strength","protein_stability","mg","ca","sensor_drift","manganese_trace","housekeeping_expression"
"1",277.165251891762,36.4395243534478,7.15754776949504,52.847578127772,12.8608046823764,1.3222036780846,330.768603977936,0.584169834931302,21.6571719911394,5.61985007456869,48.5357251215208,0.835802660576001,0.567478370886404,0.126147069097579,0.489992649364212,37.4666406468756
"2",209.393534498109,36.7698225105167,7.15380844820018,52.4731103178226,12.0932576942231,0.991795910075877,297.805793576475,0.623382359998933,19.0507668116123,4.24248983930415,35.664378200892,0.938548553402272,0.963962502456708,0.472800423111086,0.519391012238441,48.8866812532803
"3",244.315361957358,38.5587083141491,7.06644051579002,50.6146129639311,10.8705778978154,0.990000897317224,310.229415093963,0.959318463253593,22.3524636597691,5.85152468150618,42.093922142773,0.819580398292107,1.28204784422492,-0.34075354094095,0.539695918352575,35.871864643683
"4",297.831166213632,37.0705083914246,6.7983246783446,49.4748672066126,11.4303568142221,0.54517971305467,304.279159592845,1.10637906160388,15.2416022849143,4.25207002908369,58.8511245505768,1.125413748623,1.12869372810391,-0.24179064265461,0.492974302087582,30.1704614927929
"5",354.75157420504,37.1292877351609,6.97610947867387,55.628404668196,11.834349835282,1.23711560316647,296.27758601253,1.02156966701438,25.7895523328432,5.63023982965398,59.0307608595457,1.22407100568522,0.835748291294116,1.37875466885731,0.522790259947294,57.8359540783357
"6",377.87776571495,38.7150649868833,6.94392093296595,63.3117917295898,4.67815440306864,0.936779745792467,297.59212350755,0.480500724118142,22.9235263012068,6.09666163310355,70.0557327430063,1.42544271049871,0.690816669586995,-0.338883669537391,0.442721354645702,59.0086933974953
"7",228.5564927252,37.4609162059892,7.1125979066441,39.8578950207928,12.2205541932776,0.802977122391677,320.256686716885,1.0223039105923,15.9677358865415,4.01155707761679,49.9641969160022,1.07322287658634,0.834690554872642,0.0201363027607609,0.487517465591556,39.700363579955
"8",183.230313742038,35.7349387653935,6.92551224877923,62.1198043337229,9.03002480687535,0.576392262202507,295.97083706057,0.515281446331856,20.27276622906,6.1079950409796,35.0417318601786,0.825043724561263,1.0069055342643,0.376962164141067,0.478985086225298,47.2794273143341
"9",254.370495480708,36.3131471481065,7.19539467733712,72.3667504641657,10.4612336612624,0.910071251006118,259.246350111184,0.714639128217448,23.5816580974956,4.51046712878759,42.3158297298484,1.20489497259865,1.17761474018241,-0.431723745037877,0.509783225178002,38.6602709482875
"10",316.403413055643,36.5543380299,6.9250838284466,80.3757401824043,9.40968439823285,0.745281659494988,296.082215023403,0.677990321048959,22.788654910273,5.29435338843697,54.0848850484015,1.18095177873906,0.612011969041949,1.95906415617703,0.517865975692149,53.1642691675298
"11",326.402897717941,38.2240817974395,7.21054229311587,73.0117599220059,11.7439299081575,0.880890843901649,310.795812110725,1.4246946278965,27.4096700793844,5.20183747228877,69.0013633489472,0.952350260819435,1.20464035105482,-1.42845961222117,0.493819101050133,49.7032169899801
"12",263.37888488086,37.3598138270574,6.79016459866679,67.5677476379596,9.30305510208878,0.634720003670921,312.329114327029,0.464076375692731,16.9350612255258,4.5728036136618,51.1000912343972,0.688429019225537,1.0010915453176,2.01129297984563,0.46168928886051,41.3053954904063
"13",342.378064756539,37.400771450594,6.74796895104838,42.7326960088567,11.0370075317765,1.50627684488371,312.331356349549,0.812111493450801,25.580683077452,5.26810286999778,61.4038682512847,1.15226197907878,1.11395579392117,-0.351591888879179,0.453514289160764,42.2578245610381
"14",348.539144603891,37.1106827159451,7.64820798698848,53.9849329199322,9.21863004272204,0.995199241837609,266.157969582618,0.316004316137091,25.1827400497061,3.76956907457616,57.6808130469226,1.22582887912833,0.669348887353026,1.35711964684949,0.513926030530104,39.379188065718
"15",187.795848504047,36.4441588652459,6.91662848236791,56.4795354341738,7.81442558179699,1.32248352318172,307.374841160224,0.653104350206194,19.1875843404857,4.86386312781504,38.3190837788267,0.940978433858813,0.866669123975564,-1.99917741100747,0.567841842613771,54.3637426219254
"16",246.740993158397,38.7869131368031,7.05964551830814,67.0352390275689,12.4200210208805,0.219490098922704,319.357184198941,1.21901405906862,15.1203665358906,5.82579083166517,48.2888734773514,1.10724856367161,0.910353162146895,0.956080621428453,0.460643220253515,55.710088478141
"17",300.636890959071,37.4978504782292,7.12731393480677,58.9432866599623,11.4818000225485,0.864040651001549,325.531573629353,1.11300749717058,14.5542740455774,2.82587535077069,63.0526153634768,0.944821905049898,1.20877826966181,0.876431264976865,0.48076006638514,53.7647489441589
"18",322.642008573738,35.0333828433704,6.90324387485825,47.4135137193983,13.4485244783129,0.797355312522379,295.500774579118,0.290735457885257,22.2889347897249,3.51207381264175,58.7609610959591,1.1364630490275,1.20563480947908,-1.27121697156009,0.516534028012597,41.5711030258402
"19",308.047473997677,37.7013559015637,7.10337240886272,76.8443570809412,10.1303078651586,0.633122146190226,293.562148276344,0.859204882853105,19.6443663313955,3.83806244240303,54.637961415678,0.97654185705703,1.08701809184967,-0.768323878489628,0.472268977496858,32.1383037176473
"20",321.620915440874,36.5272085922721,7.07379290547702,69.1139129179596,12.2500054916563,1.46398274626723,329.756756637561,1.08389512408675,28.8955133342572,3.41091030585457,54.7711424537688,0.931064827215988,1.32084243632478,0.193524845470222,0.506078615741023,55.3087566315447
"21",228.519599275333,35.9321762940132,6.95692389847166,62.3743027249103,13.9508381080382,0.575415424069153,266.641439084414,0.707956362194763,22.675689802481,5.41958303929636,45.085946997906,1.02232409963944,0.896917760050927,1.14383542879701,0.497620194151082,48.2294105260568
"22",211.055656617525,36.7820250853417,7.01305860670506,72.1810861032581,9.43703576992207,1.09551707812241,291.263400461737,0.607624190613884,18.1402756241825,4.00707165024399,36.806146866558,0.943318937003541,1.20250743875478,-0.765999304028674,0.461187420471666,49.606076500285
"23",306.932950450259,35.9739955516928,6.99318654925231,46.6122571276503,7.35409777448957,1.25393088567391,309.149241587149,0.457796999452806,14.8722887575144,2.83545291467103,62.9542579083131,0.881796567109143,0.992811994041856,-0.224125999053298,0.541572062556916,60.3212798487339
"24",210.987681618017,36.2711087707089,7.42569037980324,66.608202977898,9.52129686572377,1.05345705652541,267.644524692375,0.676179470643681,17.0879916269737,4.36243123491955,35.7978050833307,0.93681261375152,0.866531580764718,1.57134693497734,0.542315391861149,41.064841655984
"25",293.420155430821,36.3749607321507,6.85173278074543,54.7708762368658,9.57191752002923,0.737423356751345,305.592557248635,0.749123924365729,21.7144419644867,4.60936474852519,40.6110408029417,0.998369569534893,1.18467600766617,-1.12734724085149,0.55120697533286,61.4401532568501
"26",303.813195493598,35.3133066892576,6.78080074658507,66.8374552185071,10.3033610090186,1.28234974201725,337.557280421044,0.810062896118987,17.7453267647167,5.85678547377811,56.2896499251984,1.04149902814369,1.2762200661699,0.947793980716858,0.563399829309119,45.8680850478707
"27",238.683518413169,37.8377870444945,7.00755767983422,59.3917804533993,13.4246099546386,1.05117642455225,299.918786931273,0.935911684092382,22.5711506011535,3.89624786400117,37.378054506104,1.30648472432517,1.17565008323697,0.448768189234897,0.474681910603871,42.8681217824399
"28",245.937559379424,37.1533731178365,7.06209614988863,66.3296071303145,9.3477122149893,0.680950628085387,294.430919500728,0.721978531627611,18.3283097391511,6.1612892557387,44.4812958672721,0.728400433809303,0.898119308915547,-1.10581452855633,0.476775905174585,47.9425385618243
"29",216.529343847721,35.861863062988,7.08730469578204,73.3551761505939,10.7460093116098,0.583585285719382,309.498234280681,1.12108634732359,19.4722004560276,5.3983627156286,38.1720049321752,0.960076189889411,0.90604247316898,-0.667867842173781,0.513060900024587,53.9001972884285
"30",318.196933168271,38.2538149210699,6.90832693345778,60.072900903169,9.54463187020894,1.62601523034794,294.418556584254,0.888832871240438,16.3474516359609,5.36235215763555,56.2066355772895,1.12630462555617,1.2755351693612,0.783277510302197,0.531504048827581,47.9278435474428
"31",297.828740531158,37.4264642214768,6.78733477320576,70.1755863695209,10.0409014170501,0.796449056374469,316.268007481581,0.782442114866151,29.5252179245435,4.1474743296855,54.463130166381,1.35240418068857,1.07056528128355,0.248959432712127,0.483018692188755,40.9949277945214
"32",380.477821315702,36.7049285170077,7.2526370352179,48.1156596485202,10.6281153270125,0.443328503824588,318.088709288994,0.433449992994709,21.663108657352,6.95366787989804,54.2188469327369,1.0852028725231,1.16591479586422,1.42509827746748,0.478832759579976,47.1837572120922
"33",303.241000895583,37.895125661045,6.93006992240929,52.7839555956398,12.656429392074,1.1599778088261,300.053833224602,0.922905245232646,21.1531682024973,4.83572916790285,54.4246477214564,0.99724931670492,0.932259603267139,-0.601783962091586,0.469086423622267,24.5806889886202
"34",283.536275824049,37.878133487533,6.82689742746933,75.1921771138818,10.2426367549816,1.09306907681827,276.466156845005,0.755679955869006,11.5406879255797,3.17510241582167,55.5724574637894,0.938488618080728,1.25220698729293,-1.71448769637948,0.574110094536337,44.9148831812756
"35",311.634157819897,37.8215810816375,6.95274408621178,63.7738797302393,11.4256846400622,0.593849699283221,273.635585450818,0.851233174204986,23.2989594977466,4.7961435286075,56.3935649197052,1.08286163282166,0.838248971007561,1.04782692647826,0.374591682397926,54.5596621753903
"36",229.901019378028,37.6886402541001,6.96056482113029,39.4777717956627,11.5577200595671,0.417113075925415,288.140052686894,0.73166650013413,14.8818820556014,3.06555592926795,30.3133844332578,1.19781158403928,1.12507030417333,-0.608621618434128,0.491621098310806,48.3074022546791
"37",287.354220587694,37.5539176535376,7.22198405794273,46.3596254791762,11.8295465417113,0.965109244852418,315.947610010997,0.709505961950782,15.5423921282285,4.68948988421333,48.5118363864013,0.963228337890789,0.836565006886378,0.120340526822556,0.501910643852677,56.8832772226123
"38",283.528922535509,36.9380882894233,7.01694745843944,57.9921898441088,8.85121089563123,1.34181888751283,260.835896506862,0.492214647359865,24.5917058551082,4.57777299681038,51.124638125519,1.03275228136931,0.507484996682846,1.7190418138518,0.447019519850322,54.8598243397446
"39",280.111574732452,36.6940373362601,7.1508107570369,68.6577940433449,13.2537624283894,1.19083721055464,262.273496825349,0.789190951965521,17.7364967674588,5.68182969040341,57.2467620264776,1.04338726882888,0.731408497864066,-0.250414052311195,0.519271294741032,56.4564674635559
"40",197.13845341954,36.6195289989876,6.90014159656555,58.9811674428478,9.23808652141197,0.852118772751407,286.924403504798,0.897483755575086,11.2581385999841,6.00949618573749,38.1251392399471,1.14585552684193,1.02725903984203,1.54955532739698,0.401645615809495,56.5604494502548
"41",264.024501234347,36.3052930210795,7.04288906191632,66.2418747202065,9.7884316647005,0.749743530524687,307.887896959612,0.829768210654839,28.8495205494468,4.27389503509885,45.0039981018409,1.22227608140494,1.17658454992517,-1.09713964993245,0.547748443055596,32.6141923862573
"42",251.347157008974,36.7920827219804,6.93506281770183,69.5900537778783,12.8081005354283,1.08132002702516,281.7286790367,0.747618275380846,8.1129653730374,5.80610886837503,39.2635700924884,1.05583216338793,0.649739583381037,0.925511236116236,0.41683197075647,50.0415968001844
"43",343.108254125656,35.7346036484317,7.01891670563471,76.7105482886294,12.5881678122912,1.04720600416485,317.734980741921,0.365685464549984,22.8640576492979,6.42432310966876,60.5724021270968,0.984765865690564,0.749715106216095,0.246799211870998,0.389863255995149,66.3006733460683
"44",322.638183617551,39.1689559653385,6.82092732840449,60.5601673327496,7.82001625517752,1.18891352400782,306.667399403104,0.638979723585537,25.086246245423,4.21585599515735,62.7907258320933,1.27893262644172,1.3529091993151,-0.73677153935145,0.461821808710399,45.1951477295558
"45",325.968119353326,38.207961998305,6.73783969333441,59.480180938191,8.25385799916507,0.881260614913331,296.587207635228,0.641936993140651,16.8451606666973,4.34759563350067,57.8767672535923,1.03290682352112,0.913220130035347,-1.28000893888965,0.508104019695616,54.5280244242056
"46",276.787577288702,35.8768914167967,7.39944267694959,42.4676264085773,7.28384188125877,1.26980621596093,316.376562730636,0.472608836588265,22.2214352570578,5.65077836315368,37.7759661742301,1.3155703957587,1.10114002638612,0.0766436635945079,0.467421641761792,51.4339373097994
"47",293.761140747356,36.5971151647009,7.12014176473448,60.9932759408783,10.3636943852397,0.750756541799126,307.767303256387,0.545374780591913,22.1956519419428,5.18304796994394,54.5195211673665,0.98761546847609,0.894612935724536,0.255164762454082,0.472035650236119,55.5701222518802
"48",331.932463101523,36.5333446463768,6.74974572767501,54.2814994210444,10.3296817358369,0.900836589964011,291.081299455757,1.0711546895959,25.2031157645726,5.54877496044428,61.5044918638092,1.12278459283874,0.940283422969699,0.277446817034678,0.516660248752889,47.2796988282949
"49",307.769535701639,37.7799651183363,6.87776681666392,50.2599041719591,10.7282293747101,1.22224435711777,304.622298688363,0.759954473685468,22.4204969397626,6.40468429454756,51.6794098073646,0.690782281150952,1.01744884132105,0.536856022231548,0.447054953925577,43.51700703484
"50",263.165803243855,36.9166309335282,6.76290398308054,58.2009376895246,11.1043154284371,1.29699148258813,312.950267159552,0.504089970726771,18.7755811045374,5.3870831195764,44.3389066710403,0.977521607732519,1.0021923685598,-0.460485565976711,0.495707522711976,50.7196084436564
"51",267.13192472342,37.2533185139948,7.43976206977674,70.1494317274366,8.79621430802997,0.418448589563986,307.125666897241,0.636890215344471,24.5799602897011,6.05170127017537,39.1388175938865,0.995641092007823,0.961487957791587,-0.511603722189581,0.52489664964647,52.0781483070341
"52",303.425824256926,36.9714532446513,7.2624825952867,40.0725151131142,8.01260281780257,1.03215712210485,286.83979584101,0.396699949036576,24.0031117825488,5.62290546233719,43.3469720443984,0.848330916516691,0.906040702971252,0.236937879127631,0.58169948283543,48.1466771031614
"53",308.979737017083,36.9571295427087,6.94697098866073,55.7272071279457,12.0535701121498,1.18263370352039,317.104044101284,0.829622601333424,15.317154829321,5.43362038980885,57.1484835594934,0.79282142311554,0.390427822040255,-0.541589171621698,0.52397259406201,50.3144066502645
"54",253.620534104602,38.3686022840145,7.10863881184642,61.1663728358271,11.5021226052126,0.564752705952811,323.058724511172,0.958693081480052,12.9960628300213,5.38608443818441,45.6833889961807,1.18963186051036,1.37373110006674,1.21922764704307,0.585738149608338,54.1135193369078
"55",310.07879295708,36.7742290143407,6.91713201041623,51.0679242994505,6.9816669253426,1.14418767996257,305.525491130867,0.59762377002688,20.8013876999659,6.29132330445808,52.2761493994009,1.18283174678554,1.35808484164861,0.174135875106149,0.522658001676486,42.2381610953754
"56",329.85371574893,38.5164706044295,6.90475062107688,63.3390294249922,9.80970509830143,0.751547718880961,302.882093249244,0.517760663533183,18.6301881261241,3.99774012628935,62.949457956703,0.740253601030708,0.779783651656154,-0.615268316096478,0.499837943658732,61.3967765719806
"57",315.523249535196,35.4512471957698,6.84227943242995,64.1142992061573,8.208104354487,1.30607590364933,298.487498384403,0.499672195495458,15.0723044371885,3.89481727084251,55.7833494046945,1.08487575898687,0.966378495578006,-1.80689296408533,0.38717325718753,72.0076027074659
"58",345.352753088274,37.5846137496361,6.8810765465081,59.6696384072401,5.85849785891607,1.16154460963079,343.228316926056,0.61347628401774,20.4196533975752,5.59194600339721,63.6467278147354,0.777490936008983,1.2750550609425,-0.643681105896039,0.438767072403468,64.7720532873484
"59",209.815713422172,37.1238542438446,7.33018149346734,35.3410180623997,10.3002402623763,1.23071568849868,305.526310642716,0.443175748002378,13.4000173675655,4.88031033586689,32.9842019733959,0.789785354763688,1.19965800461044,2.04601885213282,0.484051868813089,45.4558214929243
"60",239.950267357239,37.215941568744,6.98919437498291,85.7145814586664,9.84157658148282,1.03621579878611,296.834119426001,0.90474611389462,20.806131756631,5.07400521168496,47.1932372028621,1.10508248965327,1.25532032374915,-0.560762421131065,0.535613522792689,31.7711273096755
"61",274.776077166321,37.3796394827599,7.02384904728552,57.947007425318,9.80526146497384,1.25909453024733,249.841643956055,0.885061197343548,16.8753580622904,5.7412773771714,50.6506801949219,0.862795199981389,0.785650616368041,-0.835999305852858,0.483874321341091,50.541979571096
"62",307.035292531338,36.4976765468907,7.04873748591982,66.5119328158767,10.4323050836025,1.41415435849436,268.694364699389,1.13130678110008,24.7858213709624,5.75329504784908,55.7858929160851,1.19869599642444,1.51545361923959,0.652947502777847,0.527182431062742,58.8027322060407
"63",235.27321434398,36.6667926163306,7.24649517569707,62.7376649103655,11.7649303287932,1.58987440463669,298.446535987789,0.786266375547862,32.1224457058077,4.73732949663822,38.3079337847103,1.00770471981507,0.773308008045934,0.441293124842934,0.446809432408063,57.7810669793567
"64",300.290172844981,35.9814246168929,6.89678723381104,70.2467323481835,10.4111950089668,0.991481483575281,304.125880896862,0.62804891764123,15.420103781566,4.6874561310029,58.0618485544729,1.10722979515714,1.15078326837666,0.751629056591275,0.486293514132472,37.7025322528826
"65",319.921883961497,35.9282087735244,6.80149856992159,68.1765944637409,8.76712831425294,0.325284672900279,305.537449177232,0.550494459881577,25.2883208547149,5.07359860900787,53.0739007616233,0.895274660422768,1.02825519608914,-0.277975085155337,0.510850301623857,38.8685148925659
"66",312.506457144497,37.3035286414043,7.33513938648064,57.9020682877149,8.53040149615744,1.0094578013782,316.430135608972,0.670826185128358,24.1257486388414,6.06301778929474,52.6380601360472,0.769755733011281,0.919257936407594,1.12265421625967,0.482030714091719,51.3374463487764
"67",322.061887976863,37.4482097786294,6.91176735661894,63.7816777220851,9.73639441391764,1.06166836253499,296.116951813591,0.361946143491291,19.6490288784732,5.426020486679,55.0848479160505,1.18295044820055,0.924116840363796,-1.17260886019801,0.505641584749158,56.2608134537685
"68",306.904641143438,37.0530042267305,6.85538680601203,50.5459116887611,10.6200339731579,0.95339639585668,324.291775889651,0.402076709602497,17.7317681297149,6.43300751082319,48.8364156012301,1.04761429831254,0.801720637493799,-0.048876767973659,0.466462598697337,58.7293166385546
"69",356.290039964076,37.9222674678797,6.75274537622334,68.5692301089932,7.92063929459592,1.17048658623312,281.569679142608,0.672750918159529,27.8765385341874,4.99236312958003,59.2554609849911,0.952186448109059,1.32453195915136,-0.704140337217957,0.518717261162975,58.1639197893896
"70",277.436050602326,39.0500846856271,6.74305685553644,55.3896166111565,9.63138226231523,1.30320338935428,275.831145591139,0.770364105565176,9.97271090881877,6.12566760522075,56.4822977373149,1.01384706530915,1.01790264555255,0.680758638017183,0.495947255374437,40.3202450803351
"71",242.801170830275,36.5089688339435,6.8852053041404,84.1677335378821,11.9345345203358,0.844605270949654,275.420276448924,0.758570914422623,16.7840260420317,5.88300231101725,48.497906258323,1.26518166851985,1.05184358984288,0.130006761402136,0.497647532667344,36.8739494380001
"72",305.564362576494,34.6908311243592,7.12359716343331,43.4895110431181,9.78343981753103,0.911771401853167,314.84594048373,0.0360134286603637,12.8157827817111,5.61208346090007,60.403770193407,0.860366673075985,1.04192656661221,1.10970808177014,0.402560645677693,29.8748022204072
"73",338.385146449266,38.0057385244623,7.22196962778594,55.3601275703398,8.60315866481122,1.1193526626401,298.341601153215,0.430992134781435,26.9765671947304,5.41470070677846,52.9255868494618,0.850118311107364,0.924965849387827,2.05850086898135,0.466316570936063,55.0493269772782
"74",311.840810564449,36.2907992374176,7.14151767076712,68.2537986275924,9.44810966314892,0.834932877553259,315.79635843641,0.381188719111458,19.0464828367757,4.72011760285748,56.6875139943946,0.876076989458529,0.77319575104899,0.140655531724984,0.425517795755088,58.2811156576943
"75",218.62686346841,36.3119913835326,6.92726854058095,65.1013254687866,12.229297090724,1.02738021504647,294.645871568858,0.939875637101512,17.3766440026516,4.89096249083077,44.0582235837578,0.683001746358027,1.05074526193679,-0.534616652198382,0.419714097118985,53.3585068882504
"76",387.477042812164,38.0255713696967,7.01194998747692,54.10518961485,11.1000879224283,0.411487720334409,288.162157955744,0.63786353167306,35.9202223703316,5.22939549570847,65.8043183698592,1.16392562750075,0.581272110008215,-0.823516726518704,0.475305844957738,39.4087555398869
"77",291.733088010605,36.715226992949,6.85908070726399,50.0321925779248,12.4733516001632,0.664030083580713,292.63294849747,0.635287488587754,19.7498136605619,5.04888889067929,49.9601105565002,1.03847392934885,0.716286611432877,-0.263033982230645,0.49196008161272,65.6771674994935
"78",301.577120868384,35.7792822877455,6.8565563676852,61.444757047107,10.2781957143235,0.601673357318762,262.947663515165,0.607812778225534,17.7812534406674,5.94322446838622,58.4784276889348,1.04143439484359,0.784720661012324,-0.0696018363603779,0.514180011290031,46.2985337563661
"79",286.403976279501,37.1813034797491,7.17693009979538,59.8569258683309,10.8205501929808,0.743912890981828,276.607694791718,0.694608585258935,21.4993262506807,4.89068287681357,48.9988347410731,0.991330529130463,0.784264227465529,1.99180191472057,0.554563132515016,67.7903836149569
"80",283.866556052701,36.861108637561,6.79688148427929,42.0971876273594,8.88308617530373,0.7920086416208,271.159307072831,0.659548608254874,12.1578768962252,4.92962307841217,47.203700930194,0.897967911715178,1.02143776331342,-1.12910954273777,0.522220014846129,55.5140200508058
"81",361.689553766001,37.0057641858999,7.39105879309849,60.3455106713385,11.2107413378607,1.11469154276391,321.086445439507,1.22212588189216,22.4515132133603,4.51568091243434,57.8443824528001,0.835316277244755,1.31969750966495,-1.09321743652488,0.550603517037924,61.9031064508552
"82",205.802460477168,37.3852804011263,6.98193608120683,61.9023031569246,8.98733291562152,1.29463390075679,288.053398172744,0.462973951642062,19.5191839946002,4.86166367145667,34.1538335540883,1.17037128065853,0.696935171187007,-0.407966690317779,0.473684485618273,53.3060222629441
"83",311.856248751582,36.6293399682076,7.04290776532584,61.7472639698184,7.15886899060851,0.781784941273739,315.789197055804,0.459783518369224,22.3426256126507,4.93123435769616,54.7836614779403,0.71476306541597,1.08673520411932,0.587559463498313,0.484607991340561,49.3534777190012
"84",249.994474889899,37.6443765485188,6.85229445905208,49.4498295739732,10.2559859313683,0.700948305286599,330.329812033839,0.673885061471549,15.0881468203107,2.68626422610058,53.9356637299481,1.08805978839308,1.17990895066421,0.821111859737407,0.554258444221313,39.8745193162679
"85",148.560031745623,36.7795134381812,6.88512226204735,64.7613327830263,13.8917024354629,0.687493342303147,296.164503817801,1.17501555095776,14.8850807892603,3.63516830278568,23.0467063087548,0.841477669848463,0.802093559542225,-0.907934699241847,0.500060359196905,44.4148580980864
"86",347.166410033277,37.3317819639157,6.73659677353895,73.7857013695924,11.6018286791461,0.875623382090898,305.677578127047,0.65937264577082,16.5329266836191,4.92751309004804,53.6837732853326,1.05646204290909,0.989440119695504,0.127038606349588,0.415987764215831,49.5289216372357
"87",222.39270444359,38.0968390131493,6.96341492232545,64.5623640317981,12.3305067798925,0.928291279554231,264.978649612078,0.909791859554417,16.1600521345361,4.7347162251355,28.3158225265299,0.851861895561969,1.16472218052441,-0.0428929778975765,0.457672224045394,52.8207406798504
"88",310.89520389419,37.4351814908338,7.08379648098489,48.6441152962566,10.7177114461863,1.14508526015148,283.626604449604,0.936830444257237,26.4952498334179,3.79913067179256,56.5980437689272,0.895331663463194,0.948898179490522,1.19520647042577,0.550379602991637,49.667807876689
"89",258.250986264521,36.6740684144688,7.06486086883228,55.6435453030809,8.78288564336755,0.903602547349483,301.124296987657,0.394833016425575,27.8957278090405,3.00846182395698,45.4608626661881,1.3538731834054,0.955863130549757,1.08919223650205,0.469463137116127,48.2202801090658
"90",223.331127600004,38.1488076184511,6.84369270258905,63.4610361955361,9.59551828977943,0.376453219341993,305.981738066723,1.12569183948248,19.2155402348047,4.64563078008657,43.0506317476511,1.1336565237867,1.06154535824212,-0.312280694434521,0.516672206638856,51.8348551694206
"91",331.204819988475,37.9935038559621,6.8422756058292,53.5295436868173,9.45350378637615,0.972569717334958,284.812037654022,0.907178058009869,18.2053171970766,5.65349576569428,49.9315369682733,0.571020595144868,0.987997349333346,0.0459937666619196,0.500711134784032,44.7562795740248
"92",349.594235262634,37.5483969595081,6.89956025633143,38.4235366498472,9.06260044043583,1.35615604319547,353.697179984536,0.493128396066527,18.3548058478917,6.77323863192756,63.7305204498399,1.02528248322006,0.888869422012156,0.652722613401543,0.475182119632517,44.6406254366049
"93",245.355765699782,37.2387317351114,7.29921213396927,68.8425082002821,11.4083345678594,1.3574803805531,290.832197218152,0.885205463715664,20.3461823892651,4.96154320629066,43.6467692278211,0.909637412748555,0.972276996107822,-1.65349263659697,0.482460680379681,35.4429529834398
"94",339.115213677489,36.3720939239606,6.77253927586685,51.7052238837548,7.60527299526918,0.763311034566631,301.284871132601,0.474811613512908,20.4845211685053,6.49318484062772,55.5810329394878,0.772674762444466,1.37656795847729,-0.310270965480046,0.519586027392905,58.4627147026801
"95",276.501973503964,38.36065244853,6.96418968112396,54.2643972923172,11.7327322642255,0.535667036908729,312.99583734307,0.985347612463145,21.4501719388279,5.08302215763597,53.4115786842188,1.04195717808624,1.17473373592121,0.574872884002481,0.510478941444612,50.4693236800152
"96",253.900193439093,36.3997404128529,7.38047236433579,75.0390060900453,11.7283049724518,1.73741814755958,299.47962730452,0.708394250504744,16.2666052947687,5.11553210425956,38.2048137085844,1.02599310320387,0.817080585434475,-0.523232154380118,0.561733506994958,49.1637576657265
"97",237.324802758427,39.1873329930166,6.97980502293424,52.258550703946,7.6027552818625,0.951273417256174,287.128652259458,1.01297427075045,15.7655180558984,5.32482531334875,32.5897798266603,0.934298685486383,0.751016475533736,-0.0599182013481885,0.490009010778253,42.5908138522508
"98",213.463324044032,38.5326106261852,6.72803185923572,68.457315401893,11.2789839958011,0.970764624968315,320.906113279266,0.646990185267905,25.9853883187304,4.12942275473908,30.0741422876086,1.39454071346749,0.928003551863478,-0.0210075354337069,0.453839597898666,47.5222613609759
"99",343.055227888499,36.7642996408995,6.86704611294519,47.3931712118122,14.860453304689,1.12617225660944,332.310906464144,0.81492928988522,17.2568631944834,4.94828178710512,55.5127421146789,0.550261986636688,1.2657549401896,-0.723653214316312,0.508295155078972,39.132171442987
"100",304.308795393683,35.9735790996932,7.09709199578098,56.4545759692602,8.88556903611678,0.515788163014264,299.406120579003,0.491798226224081,21.5152284761273,5.90844769879225,49.652579384687,1.1676438774557,1.05853582368339,-0.994479836178391,0.535266727662209,39.5070264764725
"101",340.555206153055,36.2895934363007,6.92487942566605,59.2644398086352,11.6898084828161,0.781534266642614,311.245346908061,0.51429002280061,19.7151473309833,4.25027421314781,68.5057170361062,0.942195345907485,0.859698952631868,-0.199867234998128,0.61409834778635,30.810482282934
"102",308.711085606869,37.2568837091565,6.88762472729004,48.3134857557564,8.43559630876119,0.537867278412997,298.051750029947,0.439477177600474,15.2107530392467,4.67839393011204,55.7367510826304,1.13130268211588,1.1764469135636,-0.347027822807086,0.476815849344813,59.8169877264844
"103",308.938152110981,36.7533081215376,6.93121655317431,53.6525173509109,12.2214228364056,0.792071615796822,320.329104354043,0.78280590585871,22.9553095470575,3.85222924954075,58.4969589108261,0.909200459872264,0.973325922255422,0.834095065661453,0.483682321404587,51.259640821453
"104",323.47590125835,36.6524574006023,7.01809932942784,59.7115844707169,10.4996494398531,1.03565482990137,276.876652114803,0.663793185481536,20.8655243674648,5.35435219644936,63.3438358533495,0.88122708751098,0.775864300141716,1.52988221249492,0.544124660519897,38.8322362444557
"105",312.414295867451,36.048381432735,7.31970175422917,66.7069596873393,13.3038307832463,0.590587162603926,346.41720447989,0.260161127485729,26.9989167810625,5.42479978238902,44.9928090203503,0.657924066721075,1.09223849084236,-0.0119223793666472,0.564064306325223,61.637866037459
"106",291.717132774948,36.9549722751911,6.98228697757222,43.4945345657489,7.08205854292617,1.17699480381019,287.929375044233,0.757714845809292,20.5872979231349,5.64834735122408,55.1009792822849,0.958110314345452,1.30482856203576,0.398671992491547,0.467065907169751,56.2459168336912
"107",308.486911893206,36.2150955305429,7.2161598992303,56.5024576078873,9.89740422774928,1.0868032086452,270.823011711238,0.666324911638794,18.3422712089957,3.7801899684831,58.6879327024415,1.49574916027142,1.08689365962657,-0.0704153139057291,0.533228522747221,57.4238227458466
"108",372.477379946338,35.3320580634119,7.12615082313011,67.5640643854548,8.9461496477488,0.728735492313808,292.981643456139,0.963754763358292,21.3914745665268,5.10723503475476,63.6935168800303,1.19794044162587,1.03840007422779,0.601359843881131,0.471742124297883,47.7422943305718
"109",271.256598102381,36.6197734797122,6.97727202089877,54.6119084002241,9.6054702618474,1.06789748271432,302.9341696829,0.779290508673813,14.0720417548233,4.05594230835015,57.6265114632637,1.33511443116537,0.868751374316588,0.218495462278797,0.451891086487888,45.7712799341434
"110",339.181906042879,37.9189966090608,6.69341959942188,62.2729192167294,8.74084251462799,1.22442434874815,332.472424153605,0.639549924845077,15.820529733032,4.99961535128398,54.2114717303733,1.18299306366281,1.11367970617391,0.236595501860209,0.531168045095013,49.0194709799351
"111",319.434044161223,36.4246530373916,6.8957765364895,64.9222857006443,8.33231283893,1.31832857597852,318.224193535426,1.11855917507728,22.5513662556972,6.34262392000608,41.3177595272878,1.22885254159237,0.785885893021923,1.112915127616,0.505324888610054,54.0469065623758
"112",330.120044115886,37.607964322225,6.90202590937231,62.6783501533168,11.1574447492329,0.936145516406042,302.849168640916,1.38511387446725,18.3343954938803,4.49647471306572,57.2956036095769,1.18057528289982,0.669370195103822,-0.987421149395455,0.519466543907111,57.9991460664112
"113",315.112997849125,35.3821172917108,7.00943088655231,66.5325767947138,7.82483857184615,0.971908961826686,272.210329520237,0.185711294505355,19.6701952682377,5.71668332093883,55.0026587241829,1.09507848635302,0.991329446301249,1.44786401312549,0.470974825163902,65.8946914995693
"114",293.127537733412,36.9444380344755,7.26003973553336,58.7729133902262,12.9680618631126,0.973985759505422,282.679245106558,0.936653287794259,19.4238914528903,4.25033141591631,56.3425025370691,0.883494245200598,0.993081298840192,0.349112412179829,0.589748897796338,44.9092959586273
"115",302.639600346729,37.5194072039435,7.45861579476622,55.8632348640788,7.6275868293725,1.43243852681651,296.734301355414,0.591070678136541,16.7474369061274,4.52147178954969,54.2364504557226,0.893413052535305,1.47301110640056,0.180822010712195,0.533264400452385,39.8443525184852
"116",251.591623472072,37.3011533621667,7.30951621179675,33.5685104797102,10.2021583027906,1.3375215676834,351.060522269212,0.777633480667002,9.90655670458791,5.43872175058662,47.9816195529,0.679832000724942,0.75673053842162,-0.560241851130579,0.481279878717398,51.0085866561043
"117",288.069709865361,37.1056761941489,6.97336980713421,59.0705898152053,11.065978573653,1.25032047032711,262.795448515632,0.809375093811305,21.744174850883,4.32088772954213,49.2313410156599,0.998836457224001,1.03418126466981,-0.163877591582529,0.535137446550523,80.2210418529039
"118",303.250774458544,36.3592939916946,6.64869452088847,64.3028469635999,11.1734706781853,0.913797760047792,322.62109303692,0.442222840504914,23.8081975382343,3.29703516485456,56.8736411328152,1.17987113517134,1.16101061872444,0.373684804430444,0.439274280805316,45.713841549163
"119",304.159535165917,36.1502956539664,6.92224402718565,65.3539884086815,9.39650667226724,1.11197243024992,289.455314855322,0.641972815058516,13.5564188232494,6.26516843521333,51.7163150692454,1.20638451130521,1.21011856882318,-2.06371425739842,0.493112493652539,61.4568121778476
"120",293.963543311212,35.9758712093951,7.01784144461466,54.4472164868675,10.1590039906568,1.12098709936621,333.319817999748,0.955386793100708,27.412013592293,5.36035723787985,41.6989142567301,1.01902654089108,0.997855103068135,-0.601521948838093,0.570167894934026,47.5690179041491
"121",306.181909005854,37.1176465971001,7.16900260081349,77.7950290977515,11.9225283036194,0.687498011713203,277.215987200532,0.77507307406402,21.9257741184362,4.41636055943991,47.0984088019433,0.890474476555618,0.85134877171415,0.58599161230581,0.490558034419783,45.2145676223612
"122",289.822888094239,36.0525253858152,7.19250559369685,62.8642441962882,7.08706816584715,0.481508645403777,302.872464693255,0.427020604734187,26.7082014749694,3.0059212126694,36.8087427582349,1.65810348866371,0.986843189626003,-0.294481786351775,0.545524518599777,42.8958287779244
"123",223.520793315313,36.5094425562993,7.13686188588329,61.2631585845889,8.43652057693584,1.19254900829548,278.008981165945,0.852484685744219,15.2141476437886,6.9022097713993,40.3296809733109,1.14733710625008,1.38795119838743,-0.800527545484263,0.488903899990504,47.887553722824
"124",325.399595616003,36.7439078078018,6.72094513004011,72.7226677946852,10.6408046286332,0.541206840645873,318.070328527234,0.886110260348426,20.8339064417713,8.39037082127154,48.5538892986448,1.28411506097583,1.09654780163517,-0.63569453113499,0.385098679984689,66.4178447087543
"125",178.805266459118,38.8438620052322,7.16992860912667,52.8153377868074,9.11043604332602,1.00050510654526,329.675589774762,0.510209039013265,19.499930205306,5.20748040735546,32.0186744362507,0.932463871866535,0.591104585488385,0.235749032414043,0.455989372721695,53.0184672056344
"126",226.769821417066,36.3480500983045,6.91068855671456,55.4966137607529,12.740007987942,1.0750743464045,339.014420128023,0.817516803879991,23.8425371594089,5.84980664751119,33.1145752540842,0.992408474589081,1.28469182573005,-1.63483238484751,0.511136784451748,54.8732912321529
"127",362.682826232344,37.2353865722849,7.03496054003225,83.9745248004976,11.3465077267097,1.16916021709176,315.95201315179,1.12157349049952,17.1207021604365,6.22456031207416,61.0256519943608,1.08972141954135,1.10810053218302,0.871229240582207,0.5723276355467,58.3873579243226
"128",253.193242640449,37.0779608495637,7.01491023543475,60.1112918722089,10.1443335048295,1.05682787125444,336.865325091556,0.998068030181675,19.9495116402377,4.29819556646139,44.2338107578856,1.33530446238966,0.993285645632495,-2.16893467443595,0.470329893749958,70.71741512886
"129",210.623123848416,36.0381433658699,7.0856333529941,76.3356842140831,6.98448536492664,0.780143858110862,324.928478173233,0.537028925596165,11.1067042562803,4.64880377044346,31.4830827044851,0.937705090908775,0.99642727577798,-0.503339522315559,0.513798950569127,57.7561884207953
"130",241.367663456626,36.9286919138764,7.00493499656523,45.6149335508548,10.0522004506525,1.29590975796864,297.36250176352,0.839723375342843,16.1118927856475,3.2728789633548,48.8713676057102,1.17072313335661,0.970042056041319,-0.787182478973486,0.451759035526022,35.7288864704807
"131",325.516458890524,38.4445508584233,6.66650498048287,58.094831979571,9.36716826360601,1.52159013007187,309.540744765694,0.573426456584899,20.6251694183256,4.26342176772813,63.2106926722151,0.581037073135954,1.05131189619105,-1.24860020954842,0.44917718793331,39.6648866453385
"132",300.921581682005,37.4515040530792,7.14729919295469,63.7842390363683,9.79530697295881,1.26435364267763,280.560115770481,0.794942067332136,16.4683925380589,5.62240978288611,56.6225429693464,0.898549113183673,0.899226613392597,-1.07790734011295,0.461134167829159,34.1054488640818
"133",281.130609076605,37.0412329219929,7.07720531366994,63.000385452058,7.63688154588863,0.416904729602807,296.29595661198,0.395077582456161,19.7821525709426,4.70928401075913,54.4138319835364,0.741598184647337,1.055402250332,0.250077353605602,0.568453103366679,21.5145323010621
"134",283.944635276676,36.5775031676604,6.94686967494436,49.9436374048916,10.9973160876598,1.41987285562088,324.419274166976,0.616012507529641,17.6603701303739,4.78578846581692,61.8374591227984,1.22267254347142,0.813728795035852,-0.11977403121588,0.547015504495545,62.9073392779261
"135",270.365311246624,34.9467527784595,7.02362890220934,60.1925927462537,7.92208711938593,0.98318321614412,310.825682869647,0.577900370571166,23.0346506808075,4.88744044849748,42.2849855889911,0.967109382343948,1.04002937505495,-0.30085263245286,0.529683257865885,45.0627612571759
"136",330.165518966383,38.1313372134142,7.02680772907369,49.2257934688802,9.54755603711518,1.15747428379579,309.147146632507,0.563132900858948,25.8424415437478,3.1363330175044,57.2968919135204,0.921925183598652,1.22136748413329,-2.32076377558186,0.555773127671824,53.9497067770602
"137",260.64669760844,35.5393599290752,7.0442038937122,67.1270332524428,10.7628516589027,1.18660997076132,279.237379206256,0.645462226027264,15.8874929359624,5.83762993423167,44.1291438422114,1.27381996923971,1.10184122273076,-1.32432071149579,0.478778750163325,61.8161785314391
"138",264.510492838389,37.7399475108773,7.3281692331955,70.8477508986065,8.4329684219739,0.970994178037988,287.909735393318,0.781309580080737,18.4648172070264,3.55650711106458,50.0076418636251,1.223254571648,1.20674993529022,-0.131307112462703,0.537978846844656,44.8816730541953
"139",401.266750791515,38.9091035692175,6.95618992421331,37.7501230351259,11.1659828113601,0.977421040705382,284.707879724929,0.960191891457681,27.1988062918487,4.79142983758435,72.1446531934013,0.820395759306501,0.781826247639477,-0.87803515301306,0.510481463893578,48.6503235133778
"140",334.335975842985,35.5561068390282,7.03361307677693,72.3569346230014,7.36697919669662,1.30574712079927,307.90591740027,0.788397408104734,9.00538372908146,4.56143653794117,59.6943439570926,1.08557329752193,1.01095855689452,-0.796768930311008,0.447544953759359,53.5025617952445
"141",242.969453932058,37.7017843353747,7.23367677461382,47.5895550319151,4.38045064207892,1.21348057674587,280.189847390669,0.284731499926367,18.4008110412963,4.7814061831438,57.6800771371721,0.75431108629755,1.12345006054441,1.0495407129977,0.458446888885913,52.2587922181762
"142",298.175217269939,36.7378025105975,7.21083620467538,64.5476926898263,10.9299359815717,1.29707867381327,311.240827801981,0.841503102425458,30.3235214207167,6.45996594473579,38.9167208818184,0.904876995157764,0.786399026453343,0.175588348517341,0.502502646595957,42.256847504119
"143",230.356419102264,35.4278558408545,7.22905262207607,66.5990263814261,11.681079653922,1.7148780085691,277.671671761329,0.609053453291418,30.9679503453213,4.41794008208463,42.1376408000529,1.32331552742939,1.31316286741169,-1.04384462163877,0.510281503074827,57.3081561000659
"144",376.266212180291,35.4853323462183,6.88450639978809,58.0011017189857,9.42830915281723,1.19932475910823,336.570609162707,0.467782243495902,20.7829766167507,4.2169024042881,72.841164802616,1.29002559026609,0.793038397802948,-0.468696015002214,0.483932079066951,55.4563552824247
"145",204.089403252687,35.3984638264254,7.40049654605857,53.5488604314021,11.0082525091832,1.06221434721559,309.211826989562,0.683077254872178,15.6819552469318,3.48034600505615,39.0669923602669,1.22180375109337,1.03290374170117,-0.28490348155087,0.450175437810673,47.1155070407851
"146",272.204037880744,36.4690934778297,7.01334017418604,61.6532102124205,7.68816694983266,0.336810066827314,285.979927754935,0.327237577137816,20.8272870974522,4.19430191838875,52.1447937528507,0.885819222733935,1.03036646607102,-0.680295181235103,0.395455402975542,37.77619089141
"147",347.012306035631,35.5382444150041,7.37337036894137,64.3881870071445,9.74570278634868,1.80751420097383,304.820918650024,0.278419397514163,16.7361280202649,3.83381529263226,58.9257105963707,0.623713705944889,1.02433406039337,-0.964053610494564,0.521261773972055,56.3333359556859
"148",354.426935194377,37.6879167729758,6.72981946279386,68.833028199487,6.11696324791876,0.855196953461108,292.950936015441,0.475743664596836,27.2640864114574,5.4079461962483,60.1875797234226,0.764860363195168,0.957915083271306,-0.0518040820003942,0.485236414543145,64.27519655915
"149",331.049687261381,39.1001089405257,7.00419671727085,39.4766301609805,12.362361782877,1.71242041452862,307.422959195193,1.37848041314751,15.9675867214848,4.13699575399212,60.8911201091924,1.1905113049255,1.08998735742924,0.741194719519762,0.527458044159064,63.8051749338936
"150",234.453091650852,35.7129695239648,7.24998291419384,43.6362073194098,13.7198217230863,1.1123930704015,304.870654375206,0.768440993473303,21.8645579760437,5.30404203502814,48.3687101011479,0.941886422766982,0.793767101620507,0.226852003567295,0.422705409337492,58.7263456679534
